{"cameraMode":{"drawMode":0,"name":"Shaded","section":"Shading Mode"},"sceneLighting":true,"audioPlay":false,"sceneViewState":{"showFog":true,"showMaterialUpdate":false,"showSkybox":true,"showFlares":true,"showImageEffects":true,"showParticleSystems":true},"in2DMode":false,"pivot":{"x":501.701416015625,"y":1.4603080749511719,"z":10.96261978149414},"rotation":{"x":-0.18080413341522218,"y":0.007963651791214943,"z":-0.0014640423469245434,"w":-0.9834867715835571},"size":16.741453170776368,"orthographic":false}