{"cameraMode":{"drawMode":0,"name":"Shaded","section":"Shading Mode"},"sceneLighting":true,"audioPlay":false,"sceneViewState":{"showFog":true,"showMaterialUpdate":false,"showSkybox":true,"showFlares":true,"showImageEffects":true,"showParticleSystems":true},"in2DMode":false,"pivot":{"x":508.71087646484377,"y":4.33859920501709,"z":546.8121337890625},"rotation":{"x":-0.18080413341522218,"y":0.007963651791214943,"z":-0.0014640423469245434,"w":-0.9834867715835571},"size":26.686779022216798,"orthographic":false}